"clase","depto","mpio","fecha","sitio","dia","unidad","cantidad"
"BASE DE COCA","CUNDINAMARCA","BOGOTÁ D.C. (CT)",2019-01-03,"VIAS PUBLICAS","Jueves","GRAMO","30"
"BASE DE COCA","CUNDINAMARCA","BOGOTÁ D.C. (CT)",2019-01-06,"VIAS PUBLICAS","Domingo","GRAMO","110"
"BASE DE COCA","CUNDINAMARCA","BOGOTÁ D.C. (CT)",2019-01-07,"VIAS PUBLICAS","Lunes","GRAMO","45"
"BASE DE COCA","CUNDINAMARCA","BOGOTÁ D.C. (CT)",2019-01-09,"VIAS PUBLICAS","Miércoles","GRAMO","100"
"BASE DE COCA","CUNDINAMARCA","BOGOTÁ D.C. (CT)",2019-01-12,"VIAS PUBLICAS","Sábado","GRAMO","97"
"BASE DE COCA","CUNDINAMARCA","BOGOTÁ D.C. (CT)",2019-01-13,"VIAS PUBLICAS","Domingo","GRAMO","122"
"BASE DE COCA","CUNDINAMARCA","BOGOTÁ D.C. (CT)",2019-01-15,"VIAS PUBLICAS","Martes","GRAMO","5"
"BASE DE COCA","CUNDINAMARCA","BOGOTÁ D.C. (CT)",2019-01-16,"VIAS PUBLICAS","Miércoles","GRAMO","6"
"BASE DE COCA","CUNDINAMARCA","BOGOTÁ D.C. (CT)",2019-01-17,"VIAS PUBLICAS","Jueves","GRAMO","37"
"BASE DE COCA","CUNDINAMARCA","BOGOTÁ D.C. (CT)",2019-01-20,"VIAS PUBLICAS","Domingo","GRAMO","128"
"BASE DE COCA","CUNDINAMARCA","BOGOTÁ D.C. (CT)",2019-01-21,"VIAS PUBLICAS","Lunes","GRAMO","6"
"BASE DE COCA","CUNDINAMARCA","BOGOTÁ D.C. (CT)",2019-01-23,"VIAS PUBLICAS","Miércoles","GRAMO","85"
"BASE DE COCA","CUNDINAMARCA","BOGOTÁ D.C. (CT)",2019-01-24,"AEROPUERTO","Jueves","GRAMO","1,200"
"BASE DE COCA","CUNDINAMARCA","BOGOTÁ D.C. (CT)",2019-01-24,"VIAS PUBLICAS","Jueves","GRAMO","203"
"BASE DE COCA","CUNDINAMARCA","BOGOTÁ D.C. (CT)",2019-01-25,"VIAS PUBLICAS","Viernes","GRAMO","11"
"BASE DE COCA","CUNDINAMARCA","BOGOTÁ D.C. (CT)",2019-01-26,"VIAS PUBLICAS","Sábado","GRAMO","10"
"BASE DE COCA","CUNDINAMARCA","BOGOTÁ D.C. (CT)",2019-01-27,"VIAS PUBLICAS","Domingo","GRAMO","70"
"BASE DE COCA","CUNDINAMARCA","BOGOTÁ D.C. (CT)",2019-01-28,"VIAS PUBLICAS","Lunes","GRAMO","335"
"BASE DE COCA","CUNDINAMARCA","BOGOTÁ D.C. (CT)",2019-01-29,"VIAS PUBLICAS","Martes","GRAMO","115"
"BASE DE COCA","CUNDINAMARCA","BOGOTÁ D.C. (CT)",2019-01-30,"VIAS PUBLICAS","Miércoles","GRAMO","125"
"BASE DE COCA","CUNDINAMARCA","BOGOTÁ D.C. (CT)",2019-01-31,"VIAS PUBLICAS","Jueves","GRAMO","49"
"BASE DE COCA","CUNDINAMARCA","BOGOTÁ D.C. (CT)",2019-02-01,"AEROPUERTO","Viernes","GRAMO","2,130"
"BASE DE COCA","CUNDINAMARCA","BOGOTÁ D.C. (CT)",2019-02-01,"VIAS PUBLICAS","Viernes","GRAMO","37"
"BASE DE COCA","CUNDINAMARCA","BOGOTÁ D.C. (CT)",2019-02-03,"VIAS PUBLICAS","Domingo","GRAMO","120"
"BASE DE COCA","CUNDINAMARCA","BOGOTÁ D.C. (CT)",2019-02-05,"VIAS PUBLICAS","Martes","GRAMO","80"
"BASE DE COCA","CUNDINAMARCA","BOGOTÁ D.C. (CT)",2019-02-06,"VIAS PUBLICAS","Miércoles","GRAMO","84"
"BASE DE COCA","CUNDINAMARCA","BOGOTÁ D.C. (CT)",2019-02-07,"VIAS PUBLICAS","Jueves","GRAMO","264"
"BASE DE COCA","CUNDINAMARCA","BOGOTÁ D.C. (CT)",2019-02-08,"VIAS PUBLICAS","Viernes","GRAMO","5"
"BASE DE COCA","CUNDINAMARCA","BOGOTÁ D.C. (CT)",2019-02-09,"VIAS PUBLICAS","Sábado","GRAMO","40"
"BASE DE COCA","CUNDINAMARCA","BOGOTÁ D.C. (CT)",2019-02-10,"VIAS PUBLICAS","Domingo","GRAMO","9"
"BASE DE COCA","CUNDINAMARCA","BOGOTÁ D.C. (CT)",2019-02-11,"VIAS PUBLICAS","Lunes","GRAMO","33"
"BASE DE COCA","CUNDINAMARCA","BOGOTÁ D.C. (CT)",2019-02-12,"VIAS PUBLICAS","Martes","GRAMO","5"
"BASE DE COCA","CUNDINAMARCA","BOGOTÁ D.C. (CT)",2019-02-13,"VIAS PUBLICAS","Miércoles","GRAMO","610"
"BASE DE COCA","CUNDINAMARCA","BOGOTÁ D.C. (CT)",2019-02-15,"DENTRO DE LA VIVIENDA","Viernes","GRAMO","50"
"BASE DE COCA","CUNDINAMARCA","BOGOTÁ D.C. (CT)",2019-02-16,"VIAS PUBLICAS","Sábado","GRAMO","30"
"BASE DE COCA","CUNDINAMARCA","BOGOTÁ D.C. (CT)",2019-02-17,"VIAS PUBLICAS","Domingo","GRAMO","80"
"BASE DE COCA","CUNDINAMARCA","BOGOTÁ D.C. (CT)",2019-02-19,"VIAS PUBLICAS","Martes","GRAMO","56"
"BASE DE COCA","CUNDINAMARCA","BOGOTÁ D.C. (CT)",2019-02-20,"VIAS PUBLICAS","Miércoles","GRAMO","1,500"
"BASE DE COCA","CUNDINAMARCA","BOGOTÁ D.C. (CT)",2019-02-21,"VIAS PUBLICAS","Jueves","GRAMO","2"
"BASE DE COCA","CUNDINAMARCA","BOGOTÁ D.C. (CT)",2019-02-22,"VIAS PUBLICAS","Viernes","GRAMO","23"
"BASE DE COCA","CUNDINAMARCA","BOGOTÁ D.C. (CT)",2019-02-23,"VIAS PUBLICAS","Sábado","GRAMO","4,200"
"BASE DE COCA","CUNDINAMARCA","BOGOTÁ D.C. (CT)",2019-02-24,"VIAS PUBLICAS","Domingo","GRAMO","10"
"BASE DE COCA","CUNDINAMARCA","BOGOTÁ D.C. (CT)",2019-02-25,"VIAS PUBLICAS","Lunes","GRAMO","205"
"BASE DE COCA","CUNDINAMARCA","BOGOTÁ D.C. (CT)",2019-02-26,"VIAS PUBLICAS","Martes","GRAMO","6"
"BASE DE COCA","CUNDINAMARCA","BOGOTÁ D.C. (CT)",2019-02-28,"VIAS PUBLICAS","Jueves","GRAMO","124"
"BASE DE COCA","CUNDINAMARCA","BOGOTÁ D.C. (CT)",2019-03-01,"VIAS PUBLICAS","Viernes","GRAMO","185"
"BASE DE COCA","CUNDINAMARCA","BOGOTÁ D.C. (CT)",2019-03-02,"VIAS PUBLICAS","Sábado","GRAMO","27"
"BASE DE COCA","CUNDINAMARCA","BOGOTÁ D.C. (CT)",2019-03-05,"VIAS PUBLICAS","Martes","GRAMO","56"
"BASE DE COCA","CUNDINAMARCA","BOGOTÁ D.C. (CT)",2019-03-06,"VIAS PUBLICAS","Miércoles","GRAMO","365"
"BASE DE COCA","CUNDINAMARCA","BOGOTÁ D.C. (CT)",2019-03-07,"CASAS DE HABITACION","Jueves","GRAMO","17,649"
"BASE DE COCA","CUNDINAMARCA","BOGOTÁ D.C. (CT)",2019-03-07,"VIAS PUBLICAS","Jueves","GRAMO","69"
"BASE DE COCA","CUNDINAMARCA","BOGOTÁ D.C. (CT)",2019-03-08,"VIAS PUBLICAS","Viernes","GRAMO","234"
"BASE DE COCA","CUNDINAMARCA","BOGOTÁ D.C. (CT)",2019-03-09,"VIAS PUBLICAS","Sábado","GRAMO","156"
"BASE DE COCA","CUNDINAMARCA","BOGOTÁ D.C. (CT)",2019-03-10,"VIAS PUBLICAS","Domingo","GRAMO","47"
"BASE DE COCA","CUNDINAMARCA","BOGOTÁ D.C. (CT)",2019-03-11,"AEROPUERTO","Lunes","GRAMO","3,200"
"BASE DE COCA","CUNDINAMARCA","BOGOTÁ D.C. (CT)",2019-03-11,"VIAS PUBLICAS","Lunes","GRAMO","75"
"BASE DE COCA","CUNDINAMARCA","BOGOTÁ D.C. (CT)",2019-03-12,"VIAS PUBLICAS","Martes","GRAMO","203"
"BASE DE COCA","CUNDINAMARCA","BOGOTÁ D.C. (CT)",2019-03-13,"VIAS PUBLICAS","Miércoles","GRAMO","45"
"BASE DE COCA","CUNDINAMARCA","BOGOTÁ D.C. (CT)",2019-03-14,"VIAS PUBLICAS","Jueves","GRAMO","752"
"BASE DE COCA","CUNDINAMARCA","BOGOTÁ D.C. (CT)",2019-03-15,"VIAS PUBLICAS","Viernes","GRAMO","50"
"BASE DE COCA","CUNDINAMARCA","BOGOTÁ D.C. (CT)",2019-03-16,"VIAS PUBLICAS","Sábado","GRAMO","20"
"BASE DE COCA","CUNDINAMARCA","BOGOTÁ D.C. (CT)",2019-03-17,"VIAS PUBLICAS","Domingo","GRAMO","8"
"BASE DE COCA","CUNDINAMARCA","BOGOTÁ D.C. (CT)",2019-03-18,"VIAS PUBLICAS","Lunes","GRAMO","7"
"BASE DE COCA","CUNDINAMARCA","BOGOTÁ D.C. (CT)",2019-03-19,"VIAS PUBLICAS","Martes","GRAMO","40"
"BASE DE COCA","CUNDINAMARCA","BOGOTÁ D.C. (CT)",2019-03-20,"VIAS PUBLICAS","Miércoles","GRAMO","15"
"BASE DE COCA","CUNDINAMARCA","BOGOTÁ D.C. (CT)",2019-03-21,"VIAS PUBLICAS","Jueves","GRAMO","31"
"BASE DE COCA","CUNDINAMARCA","BOGOTÁ D.C. (CT)",2019-03-22,"VIAS PUBLICAS","Viernes","GRAMO","188"
"BASE DE COCA","CUNDINAMARCA","BOGOTÁ D.C. (CT)",2019-03-23,"VIAS PUBLICAS","Sábado","GRAMO","200"
"BASE DE COCA","CUNDINAMARCA","BOGOTÁ D.C. (CT)",2019-03-24,"VIAS PUBLICAS","Domingo","GRAMO","15"
"BASE DE COCA","CUNDINAMARCA","BOGOTÁ D.C. (CT)",2019-03-26,"VIAS PUBLICAS","Martes","GRAMO","30"
"BASE DE COCA","CUNDINAMARCA","BOGOTÁ D.C. (CT)",2019-03-27,"VIAS PUBLICAS","Miércoles","GRAMO","105"
"BASE DE COCA","CUNDINAMARCA","BOGOTÁ D.C. (CT)",2019-03-28,"AEROPUERTO","Jueves","GRAMO","7,160"
"BASE DE COCA","CUNDINAMARCA","BOGOTÁ D.C. (CT)",2019-03-28,"VIAS PUBLICAS","Jueves","GRAMO","20"
"BASE DE COCA","CUNDINAMARCA","BOGOTÁ D.C. (CT)",2019-03-29,"VIAS PUBLICAS","Viernes","GRAMO","10"
"BASE DE COCA","CUNDINAMARCA","BOGOTÁ D.C. (CT)",2019-03-30,"VIAS PUBLICAS","Sábado","GRAMO","86"
"BASE DE COCA","CUNDINAMARCA","BOGOTÁ D.C. (CT)",2019-03-31,"VIAS PUBLICAS","Domingo","GRAMO","8"
"BASE DE COCA","CUNDINAMARCA","BOGOTÁ D.C. (CT)",2019-04-02,"VIAS PUBLICAS","Martes","GRAMO","100"
"BASE DE COCA","CUNDINAMARCA","BOGOTÁ D.C. (CT)",2019-04-03,"VIAS PUBLICAS","Miércoles","GRAMO","100"
"BASE DE COCA","CUNDINAMARCA","BOGOTÁ D.C. (CT)",2019-04-04,"VIAS PUBLICAS","Jueves","GRAMO","29"
"BASE DE COCA","CUNDINAMARCA","BOGOTÁ D.C. (CT)",2019-04-05,"VIAS PUBLICAS","Viernes","GRAMO","113"
"BASE DE COCA","CUNDINAMARCA","BOGOTÁ D.C. (CT)",2019-04-06,"VIAS PUBLICAS","Sábado","GRAMO","82"
"BASE DE COCA","CUNDINAMARCA","BOGOTÁ D.C. (CT)",2019-04-08,"VIAS PUBLICAS","Lunes","GRAMO","130"
"BASE DE COCA","CUNDINAMARCA","BOGOTÁ D.C. (CT)",2019-04-09,"VIAS PUBLICAS","Martes","GRAMO","48"
"BASE DE COCA","CUNDINAMARCA","BOGOTÁ D.C. (CT)",2019-04-12,"VIAS PUBLICAS","Viernes","GRAMO","10"
"BASE DE COCA","CUNDINAMARCA","BOGOTÁ D.C. (CT)",2019-04-13,"ESTABLECIMIENTOS REVISADOS","Sábado","GRAMO","36"
"BASE DE COCA","CUNDINAMARCA","BOGOTÁ D.C. (CT)",2019-04-13,"VIAS PUBLICAS","Sábado","GRAMO","110"
"BASE DE COCA","CUNDINAMARCA","BOGOTÁ D.C. (CT)",2019-04-14,"VIAS PUBLICAS","Domingo","GRAMO","428"
"BASE DE COCA","CUNDINAMARCA","BOGOTÁ D.C. (CT)",2019-04-24,"VIAS PUBLICAS","Miércoles","GRAMO","8"
"BASE DE COCA","CUNDINAMARCA","BOGOTÁ D.C. (CT)",2019-04-25,"VIAS PUBLICAS","Jueves","GRAMO","15"
"BASE DE COCA","CUNDINAMARCA","BOGOTÁ D.C. (CT)",2019-04-26,"VIAS PUBLICAS","Viernes","GRAMO","70"
"BASE DE COCA","CUNDINAMARCA","BOGOTÁ D.C. (CT)",2019-04-27,"VIAS PUBLICAS","Sábado","GRAMO","225"
"BASE DE COCA","CUNDINAMARCA","BOGOTÁ D.C. (CT)",2019-04-28,"VIAS PUBLICAS","Domingo","GRAMO","23"
"BASE DE COCA","CUNDINAMARCA","BOGOTÁ D.C. (CT)",2019-04-29,"VIAS PUBLICAS","Lunes","GRAMO","10"
"BASE DE COCA","CUNDINAMARCA","BOGOTÁ D.C. (CT)",2019-04-30,"VIAS PUBLICAS","Martes","GRAMO","11"
"BASUCO","CUNDINAMARCA","BOGOTÁ D.C. (CT)",2019-01-03,"VIAS PUBLICAS","Jueves","GRAMO","52"
"BASUCO","CUNDINAMARCA","BOGOTÁ D.C. (CT)",2019-01-05,"VIAS PUBLICAS","Sábado","GRAMO","1,511"
"BASUCO","CUNDINAMARCA","BOGOTÁ D.C. (CT)",2019-01-06,"VIAS PUBLICAS","Domingo","GRAMO","87"
"BASUCO","CUNDINAMARCA","BOGOTÁ D.C. (CT)",2019-01-07,"VIAS PUBLICAS","Lunes","GRAMO","151"
"BASUCO","CUNDINAMARCA","BOGOTÁ D.C. (CT)",2019-01-08,"VIAS PUBLICAS","Martes","GRAMO","96"
"BASUCO","CUNDINAMARCA","BOGOTÁ D.C. (CT)",2019-01-09,"VIAS PUBLICAS","Miércoles","GRAMO","469"
"BASUCO","CUNDINAMARCA","BOGOTÁ D.C. (CT)",2019-01-10,"DENTRO DE LA VIVIENDA","Jueves","GRAMO","50"
"BASUCO","CUNDINAMARCA","BOGOTÁ D.C. (CT)",2019-01-10,"VIAS PUBLICAS","Jueves","GRAMO","298"
"BASUCO","CUNDINAMARCA","BOGOTÁ D.C. (CT)",2019-01-11,"VIAS PUBLICAS","Viernes","GRAMO","88"
"BASUCO","CUNDINAMARCA","BOGOTÁ D.C. (CT)",2019-01-12,"VIAS PUBLICAS","Sábado","GRAMO","462"
"BASUCO","CUNDINAMARCA","BOGOTÁ D.C. (CT)",2019-01-13,"VIAS PUBLICAS","Domingo","GRAMO","192"
"BASUCO","CUNDINAMARCA","BOGOTÁ D.C. (CT)",2019-01-14,"VIAS PUBLICAS","Lunes","GRAMO","362"
"BASUCO","CUNDINAMARCA","BOGOTÁ D.C. (CT)",2019-01-15,"VIAS PUBLICAS","Martes","GRAMO","370"
"BASUCO","CUNDINAMARCA","BOGOTÁ D.C. (CT)",2019-01-16,"VIAS PUBLICAS","Miércoles","GRAMO","227"
"BASUCO","CUNDINAMARCA","BOGOTÁ D.C. (CT)",2019-01-17,"CASAS DE HABITACION","Jueves","GRAMO","370"
"BASUCO","CUNDINAMARCA","BOGOTÁ D.C. (CT)",2019-01-17,"VIAS PUBLICAS","Jueves","GRAMO","548"
"BASUCO","CUNDINAMARCA","BOGOTÁ D.C. (CT)",2019-01-18,"VIAS PUBLICAS","Viernes","GRAMO","394"
"BASUCO","CUNDINAMARCA","BOGOTÁ D.C. (CT)",2019-01-19,"ALMACENES","Sábado","GRAMO","10"
"BASUCO","CUNDINAMARCA","BOGOTÁ D.C. (CT)",2019-01-19,"VIAS PUBLICAS","Sábado","GRAMO","165"
"BASUCO","CUNDINAMARCA","BOGOTÁ D.C. (CT)",2019-01-20,"VIAS PUBLICAS","Domingo","GRAMO","1,056"
"BASUCO","CUNDINAMARCA","BOGOTÁ D.C. (CT)",2019-01-21,"VIAS PUBLICAS","Lunes","GRAMO","439"
"BASUCO","CUNDINAMARCA","BOGOTÁ D.C. (CT)",2019-01-22,"CASAS DE HABITACION","Martes","GRAMO","61"
"BASUCO","CUNDINAMARCA","BOGOTÁ D.C. (CT)",2019-01-22,"VIAS PUBLICAS","Martes","GRAMO","230"
"BASUCO","CUNDINAMARCA","BOGOTÁ D.C. (CT)",2019-01-23,"VIAS PUBLICAS","Miércoles","GRAMO","466"
"BASUCO","CUNDINAMARCA","BOGOTÁ D.C. (CT)",2019-01-24,"CASAS DE HABITACION","Jueves","GRAMO","62"
"BASUCO","CUNDINAMARCA","BOGOTÁ D.C. (CT)",2019-01-24,"VIAS PUBLICAS","Jueves","GRAMO","355"
"BASUCO","CUNDINAMARCA","BOGOTÁ D.C. (CT)",2019-01-25,"VIAS PUBLICAS","Viernes","GRAMO","1,080"
"BASUCO","CUNDINAMARCA","BOGOTÁ D.C. (CT)",2019-01-26,"DENTRO DE LA VIVIENDA","Sábado","GRAMO","80"
"BASUCO","CUNDINAMARCA","BOGOTÁ D.C. (CT)",2019-01-26,"VIAS PUBLICAS","Sábado","GRAMO","15"
"BASUCO","CUNDINAMARCA","BOGOTÁ D.C. (CT)",2019-01-27,"VIAS PUBLICAS","Domingo","GRAMO","352"
"BASUCO","CUNDINAMARCA","BOGOTÁ D.C. (CT)",2019-01-28,"VIAS PUBLICAS","Lunes","GRAMO","695"
"BASUCO","CUNDINAMARCA","BOGOTÁ D.C. (CT)",2019-01-29,"VIAS PUBLICAS","Martes","GRAMO","409"
"BASUCO","CUNDINAMARCA","BOGOTÁ D.C. (CT)",2019-01-30,"VIAS PUBLICAS","Miércoles","GRAMO","899"
"BASUCO","CUNDINAMARCA","BOGOTÁ D.C. (CT)",2019-01-31,"CASAS DE HABITACION","Jueves","GRAMO","6"
"BASUCO","CUNDINAMARCA","BOGOTÁ D.C. (CT)",2019-01-31,"VIAS PUBLICAS","Jueves","GRAMO","1,646"
"BASUCO","CUNDINAMARCA","BOGOTÁ D.C. (CT)",2019-02-01,"VIAS PUBLICAS","Viernes","GRAMO","292"
"BASUCO","CUNDINAMARCA","BOGOTÁ D.C. (CT)",2019-02-02,"VIAS PUBLICAS","Sábado","GRAMO","224"
"BASUCO","CUNDINAMARCA","BOGOTÁ D.C. (CT)",2019-02-03,"VIAS PUBLICAS","Domingo","GRAMO","228"
"BASUCO","CUNDINAMARCA","BOGOTÁ D.C. (CT)",2019-02-04,"VIAS PUBLICAS","Lunes","GRAMO","216"
"BASUCO","CUNDINAMARCA","BOGOTÁ D.C. (CT)",2019-02-05,"VIAS PUBLICAS","Martes","GRAMO","428"
"BASUCO","CUNDINAMARCA","BOGOTÁ D.C. (CT)",2019-02-06,"VIAS PUBLICAS","Miércoles","GRAMO","392"
"BASUCO","CUNDINAMARCA","BOGOTÁ D.C. (CT)",2019-02-07,"CASAS DE HABITACION","Jueves","GRAMO","27"
"BASUCO","CUNDINAMARCA","BOGOTÁ D.C. (CT)",2019-02-07,"VIAS PUBLICAS","Jueves","GRAMO","1,906"
"BASUCO","CUNDINAMARCA","BOGOTÁ D.C. (CT)",2019-02-08,"VIAS PUBLICAS","Viernes","GRAMO","292"
"BASUCO","CUNDINAMARCA","BOGOTÁ D.C. (CT)",2019-02-09,"VIAS PUBLICAS","Sábado","GRAMO","63"
"BASUCO","CUNDINAMARCA","BOGOTÁ D.C. (CT)",2019-02-10,"VIAS PUBLICAS","Domingo","GRAMO","83"
"BASUCO","CUNDINAMARCA","BOGOTÁ D.C. (CT)",2019-02-11,"VIAS PUBLICAS","Lunes","GRAMO","267"
"BASUCO","CUNDINAMARCA","BOGOTÁ D.C. (CT)",2019-02-12,"VIAS PUBLICAS","Martes","GRAMO","848"
"BASUCO","CUNDINAMARCA","BOGOTÁ D.C. (CT)",2019-02-13,"VIAS PUBLICAS","Miércoles","GRAMO","116"
"BASUCO","CUNDINAMARCA","BOGOTÁ D.C. (CT)",2019-02-14,"VIAS PUBLICAS","Jueves","GRAMO","273"
"BASUCO","CUNDINAMARCA","BOGOTÁ D.C. (CT)",2019-02-15,"VIAS PUBLICAS","Viernes","GRAMO","200"
"BASUCO","CUNDINAMARCA","BOGOTÁ D.C. (CT)",2019-02-16,"VIAS PUBLICAS","Sábado","GRAMO","139"
"BASUCO","CUNDINAMARCA","BOGOTÁ D.C. (CT)",2019-02-17,"VIAS PUBLICAS","Domingo","GRAMO","605"
"BASUCO","CUNDINAMARCA","BOGOTÁ D.C. (CT)",2019-02-18,"VIAS PUBLICAS","Lunes","GRAMO","111"
"BASUCO","CUNDINAMARCA","BOGOTÁ D.C. (CT)",2019-02-19,"VIAS PUBLICAS","Martes","GRAMO","802"
"BASUCO","CUNDINAMARCA","BOGOTÁ D.C. (CT)",2019-02-20,"APARTAMENTO","Miércoles","GRAMO","14"
"BASUCO","CUNDINAMARCA","BOGOTÁ D.C. (CT)",2019-02-20,"VIAS PUBLICAS","Miércoles","GRAMO","182"
"BASUCO","CUNDINAMARCA","BOGOTÁ D.C. (CT)",2019-02-21,"VIAS PUBLICAS","Jueves","GRAMO","235"
"BASUCO","CUNDINAMARCA","BOGOTÁ D.C. (CT)",2019-02-22,"VIAS PUBLICAS","Viernes","GRAMO","373"
"BASUCO","CUNDINAMARCA","BOGOTÁ D.C. (CT)",2019-02-23,"ESTABLECIMIENTO DE COMERCIO","Sábado","GRAMO","100"
"BASUCO","CUNDINAMARCA","BOGOTÁ D.C. (CT)",2019-02-23,"VIAS PUBLICAS","Sábado","GRAMO","210"
"BASUCO","CUNDINAMARCA","BOGOTÁ D.C. (CT)",2019-02-24,"VIAS PUBLICAS","Domingo","GRAMO","68"
"BASUCO","CUNDINAMARCA","BOGOTÁ D.C. (CT)",2019-02-25,"VIAS PUBLICAS","Lunes","GRAMO","347"
"BASUCO","CUNDINAMARCA","BOGOTÁ D.C. (CT)",2019-02-26,"VIAS PUBLICAS","Martes","GRAMO","604"
"BASUCO","CUNDINAMARCA","BOGOTÁ D.C. (CT)",2019-02-27,"VIAS PUBLICAS","Miércoles","GRAMO","337"
"BASUCO","CUNDINAMARCA","BOGOTÁ D.C. (CT)",2019-02-28,"VIAS PUBLICAS","Jueves","GRAMO","3,081"
"BASUCO","CUNDINAMARCA","BOGOTÁ D.C. (CT)",2019-03-01,"VIAS PUBLICAS","Viernes","GRAMO","137"
"BASUCO","CUNDINAMARCA","BOGOTÁ D.C. (CT)",2019-03-02,"VIAS PUBLICAS","Sábado","GRAMO","202"
"BASUCO","CUNDINAMARCA","BOGOTÁ D.C. (CT)",2019-03-03,"VIAS PUBLICAS","Domingo","GRAMO","380"
"BASUCO","CUNDINAMARCA","BOGOTÁ D.C. (CT)",2019-03-04,"CASAS DE HABITACION","Lunes","GRAMO","7"
"BASUCO","CUNDINAMARCA","BOGOTÁ D.C. (CT)",2019-03-04,"VIAS PUBLICAS","Lunes","GRAMO","265"
"BASUCO","CUNDINAMARCA","BOGOTÁ D.C. (CT)",2019-03-05,"VIAS PUBLICAS","Martes","GRAMO","149"
"BASUCO","CUNDINAMARCA","BOGOTÁ D.C. (CT)",2019-03-06,"VIAS PUBLICAS","Miércoles","GRAMO","402"
"BASUCO","CUNDINAMARCA","BOGOTÁ D.C. (CT)",2019-03-07,"VIAS PUBLICAS","Jueves","GRAMO","715"
"BASUCO","CUNDINAMARCA","BOGOTÁ D.C. (CT)",2019-03-08,"VIAS PUBLICAS","Viernes","GRAMO","345"
"BASUCO","CUNDINAMARCA","BOGOTÁ D.C. (CT)",2019-03-09,"VIAS PUBLICAS","Sábado","GRAMO","162"
"BASUCO","CUNDINAMARCA","BOGOTÁ D.C. (CT)",2019-03-10,"VIAS PUBLICAS","Domingo","GRAMO","542"
"BASUCO","CUNDINAMARCA","BOGOTÁ D.C. (CT)",2019-03-11,"VIAS PUBLICAS","Lunes","GRAMO","176"
"BASUCO","CUNDINAMARCA","BOGOTÁ D.C. (CT)",2019-03-12,"VIAS PUBLICAS","Martes","GRAMO","330"
"BASUCO","CUNDINAMARCA","BOGOTÁ D.C. (CT)",2019-03-13,"VIAS PUBLICAS","Miércoles","GRAMO","613"
"BASUCO","CUNDINAMARCA","BOGOTÁ D.C. (CT)",2019-03-14,"VIAS PUBLICAS","Jueves","GRAMO","914"
"BASUCO","CUNDINAMARCA","BOGOTÁ D.C. (CT)",2019-03-15,"VIAS PUBLICAS","Viernes","GRAMO","251"
"BASUCO","CUNDINAMARCA","BOGOTÁ D.C. (CT)",2019-03-16,"VIAS PUBLICAS","Sábado","GRAMO","416"
"BASUCO","CUNDINAMARCA","BOGOTÁ D.C. (CT)",2019-03-17,"VIAS PUBLICAS","Domingo","GRAMO","81"
"BASUCO","CUNDINAMARCA","BOGOTÁ D.C. (CT)",2019-03-18,"VIAS PUBLICAS","Lunes","GRAMO","252"
"BASUCO","CUNDINAMARCA","BOGOTÁ D.C. (CT)",2019-03-19,"VIAS PUBLICAS","Martes","GRAMO","193"
"BASUCO","CUNDINAMARCA","BOGOTÁ D.C. (CT)",2019-03-20,"VIAS PUBLICAS","Miércoles","GRAMO","635"
"BASUCO","CUNDINAMARCA","BOGOTÁ D.C. (CT)",2019-03-21,"VIAS PUBLICAS","Jueves","GRAMO","210"
"BASUCO","CUNDINAMARCA","BOGOTÁ D.C. (CT)",2019-03-22,"VIAS PUBLICAS","Viernes","GRAMO","618"
"BASUCO","CUNDINAMARCA","BOGOTÁ D.C. (CT)",2019-03-23,"VIAS PUBLICAS","Sábado","GRAMO","195"
"BASUCO","CUNDINAMARCA","BOGOTÁ D.C. (CT)",2019-03-24,"VIAS PUBLICAS","Domingo","GRAMO","51"
"BASUCO","CUNDINAMARCA","BOGOTÁ D.C. (CT)",2019-03-25,"VIAS PUBLICAS","Lunes","GRAMO","1,274"
"BASUCO","CUNDINAMARCA","BOGOTÁ D.C. (CT)",2019-03-26,"CASAS DE HABITACION","Martes","GRAMO","49"
"BASUCO","CUNDINAMARCA","BOGOTÁ D.C. (CT)",2019-03-26,"VIAS PUBLICAS","Martes","GRAMO","433"
"BASUCO","CUNDINAMARCA","BOGOTÁ D.C. (CT)",2019-03-27,"VIAS PUBLICAS","Miércoles","GRAMO","337"
"BASUCO","CUNDINAMARCA","BOGOTÁ D.C. (CT)",2019-03-28,"VIAS PUBLICAS","Jueves","GRAMO","224"
"BASUCO","CUNDINAMARCA","BOGOTÁ D.C. (CT)",2019-03-29,"VIAS PUBLICAS","Viernes","GRAMO","301"
"BASUCO","CUNDINAMARCA","BOGOTÁ D.C. (CT)",2019-03-30,"VIAS PUBLICAS","Sábado","GRAMO","84"
"BASUCO","CUNDINAMARCA","BOGOTÁ D.C. (CT)",2019-03-31,"VIAS PUBLICAS","Domingo","GRAMO","275"
"BASUCO","CUNDINAMARCA","BOGOTÁ D.C. (CT)",2019-04-01,"VIAS PUBLICAS","Lunes","GRAMO","300"
"BASUCO","CUNDINAMARCA","BOGOTÁ D.C. (CT)",2019-04-02,"VIAS PUBLICAS","Martes","GRAMO","742"
"BASUCO","CUNDINAMARCA","BOGOTÁ D.C. (CT)",2019-04-03,"VIAS PUBLICAS","Miércoles","GRAMO","304"
"BASUCO","CUNDINAMARCA","BOGOTÁ D.C. (CT)",2019-04-04,"VIAS PUBLICAS","Jueves","GRAMO","231"
"BASUCO","CUNDINAMARCA","BOGOTÁ D.C. (CT)",2019-04-05,"VIAS PUBLICAS","Viernes","GRAMO","746"
"BASUCO","CUNDINAMARCA","BOGOTÁ D.C. (CT)",2019-04-06,"VIAS PUBLICAS","Sábado","GRAMO","204"
"BASUCO","CUNDINAMARCA","BOGOTÁ D.C. (CT)",2019-04-07,"VIAS PUBLICAS","Domingo","GRAMO","433"
"BASUCO","CUNDINAMARCA","BOGOTÁ D.C. (CT)",2019-04-08,"TERMINAL DE TRANSPORTES","Lunes","GRAMO","20"
"BASUCO","CUNDINAMARCA","BOGOTÁ D.C. (CT)",2019-04-08,"VIAS PUBLICAS","Lunes","GRAMO","1,316"
"BASUCO","CUNDINAMARCA","BOGOTÁ D.C. (CT)",2019-04-09,"VIAS PUBLICAS","Martes","GRAMO","427"
"BASUCO","CUNDINAMARCA","BOGOTÁ D.C. (CT)",2019-04-10,"VIAS PUBLICAS","Miércoles","GRAMO","120"
"BASUCO","CUNDINAMARCA","BOGOTÁ D.C. (CT)",2019-04-11,"VIAS PUBLICAS","Jueves","GRAMO","152"
"BASUCO","CUNDINAMARCA","BOGOTÁ D.C. (CT)",2019-04-12,"VIAS PUBLICAS","Viernes","GRAMO","45"
"BASUCO","CUNDINAMARCA","BOGOTÁ D.C. (CT)",2019-04-13,"VIAS PUBLICAS","Sábado","GRAMO","180"
"BASUCO","CUNDINAMARCA","BOGOTÁ D.C. (CT)",2019-04-15,"VIAS PUBLICAS","Lunes","GRAMO","60"
"BASUCO","CUNDINAMARCA","BOGOTÁ D.C. (CT)",2019-04-16,"VIAS PUBLICAS","Martes","GRAMO","35"
"BASUCO","CUNDINAMARCA","BOGOTÁ D.C. (CT)",2019-04-18,"VIAS PUBLICAS","Jueves","GRAMO","10"
"BASUCO","CUNDINAMARCA","BOGOTÁ D.C. (CT)",2019-04-19,"VIAS PUBLICAS","Viernes","GRAMO","90"
"BASUCO","CUNDINAMARCA","BOGOTÁ D.C. (CT)",2019-04-22,"VIAS PUBLICAS","Lunes","GRAMO","2,367"
"BASUCO","CUNDINAMARCA","BOGOTÁ D.C. (CT)",2019-04-23,"VIAS PUBLICAS","Martes","GRAMO","550"
"BASUCO","CUNDINAMARCA","BOGOTÁ D.C. (CT)",2019-04-24,"VIAS PUBLICAS","Miércoles","GRAMO","20"
"BASUCO","CUNDINAMARCA","BOGOTÁ D.C. (CT)",2019-04-25,"CASAS DE HABITACION","Jueves","GRAMO","78"
"BASUCO","CUNDINAMARCA","BOGOTÁ D.C. (CT)",2019-04-25,"VIAS PUBLICAS","Jueves","GRAMO","242"
"BASUCO","CUNDINAMARCA","BOGOTÁ D.C. (CT)",2019-04-26,"VIAS PUBLICAS","Viernes","GRAMO","273"
"BASUCO","CUNDINAMARCA","BOGOTÁ D.C. (CT)",2019-04-27,"VIAS PUBLICAS","Sábado","GRAMO","452"
"BASUCO","CUNDINAMARCA","BOGOTÁ D.C. (CT)",2019-04-28,"VIAS PUBLICAS","Domingo","GRAMO","615"
"BASUCO","CUNDINAMARCA","BOGOTÁ D.C. (CT)",2019-04-29,"VIAS PUBLICAS","Lunes","GRAMO","470"
"BASUCO","CUNDINAMARCA","BOGOTÁ D.C. (CT)",2019-04-30,"VIAS PUBLICAS","Martes","GRAMO","452"
"COCAINA","CUNDINAMARCA","BOGOTÁ D.C. (CT)",2019-01-02,"AEROPUERTO","Miércoles","GRAMO","960"
"COCAINA","CUNDINAMARCA","BOGOTÁ D.C. (CT)",2019-01-04,"AEROPUERTO","Viernes","GRAMO","2,139"
"COCAINA","CUNDINAMARCA","BOGOTÁ D.C. (CT)",2019-01-09,"AEROPUERTO","Miércoles","GRAMO","52"
"COCAINA","CUNDINAMARCA","BOGOTÁ D.C. (CT)",2019-01-09,"AEROPUERTO","Miércoles","GRAMO","29"
"COCAINA","CUNDINAMARCA","BOGOTÁ D.C. (CT)",2019-01-10,"AEROPUERTO","Jueves","GRAMO","194"
"COCAINA","CUNDINAMARCA","BOGOTÁ D.C. (CT)",2019-01-11,"AEROPUERTO","Viernes","GRAMO","9"
"COCAINA","CUNDINAMARCA","BOGOTÁ D.C. (CT)",2019-01-13,"AEROPUERTO","Domingo","GRAMO","605"
"COCAINA","CUNDINAMARCA","BOGOTÁ D.C. (CT)",2019-01-13,"VIAS PUBLICAS","Domingo","GRAMO","115"
"COCAINA","CUNDINAMARCA","BOGOTÁ D.C. (CT)",2019-01-14,"VIAS PUBLICAS","Lunes","GRAMO","10"
"COCAINA","CUNDINAMARCA","BOGOTÁ D.C. (CT)",2019-01-15,"AEROPUERTO","Martes","GRAMO","289"
"COCAINA","CUNDINAMARCA","BOGOTÁ D.C. (CT)",2019-01-15,"AEROPUERTO","Martes","GRAMO","29"
"COCAINA","CUNDINAMARCA","BOGOTÁ D.C. (CT)",2019-01-15,"VIAS PUBLICAS","Martes","GRAMO","387"
"COCAINA","CUNDINAMARCA","BOGOTÁ D.C. (CT)",2019-01-17,"VIAS PUBLICAS","Jueves","GRAMO","13"
"COCAINA","CUNDINAMARCA","BOGOTÁ D.C. (CT)",2019-01-18,"VIAS PUBLICAS","Viernes","GRAMO","30"
"COCAINA","CUNDINAMARCA","BOGOTÁ D.C. (CT)",2019-01-20,"VIAS PUBLICAS","Domingo","GRAMO","175"
"COCAINA","CUNDINAMARCA","BOGOTÁ D.C. (CT)",2019-01-22,"VIAS PUBLICAS","Martes","GRAMO","100"
"COCAINA","CUNDINAMARCA","BOGOTÁ D.C. (CT)",2019-01-24,"AEROPUERTO","Jueves","GRAMO","500"
"COCAINA","CUNDINAMARCA","BOGOTÁ D.C. (CT)",2019-01-24,"CASAS DE HABITACION","Jueves","GRAMO","50"
"COCAINA","CUNDINAMARCA","BOGOTÁ D.C. (CT)",2019-01-25,"EMPRESA","Viernes","GRAMO","5,000"
"COCAINA","CUNDINAMARCA","BOGOTÁ D.C. (CT)",2019-01-27,"VIAS PUBLICAS","Domingo","GRAMO","42"
"COCAINA","CUNDINAMARCA","BOGOTÁ D.C. (CT)",2019-01-28,"VIAS PUBLICAS","Lunes","GRAMO","40"
"COCAINA","CUNDINAMARCA","BOGOTÁ D.C. (CT)",2019-01-29,"AEROPUERTO","Martes","GRAMO","72"
"COCAINA","CUNDINAMARCA","BOGOTÁ D.C. (CT)",2019-01-29,"VIAS PUBLICAS","Martes","GRAMO","112"
"COCAINA","CUNDINAMARCA","BOGOTÁ D.C. (CT)",2019-01-30,"VIAS PUBLICAS","Miércoles","GRAMO","18,460"
"COCAINA","CUNDINAMARCA","BOGOTÁ D.C. (CT)",2019-02-01,"VIAS PUBLICAS","Viernes","GRAMO","48"
"COCAINA","CUNDINAMARCA","BOGOTÁ D.C. (CT)",2019-02-02,"AEROPUERTO","Sábado","GRAMO","213"
"COCAINA","CUNDINAMARCA","BOGOTÁ D.C. (CT)",2019-02-03,"AEROPUERTO","Domingo","GRAMO","4,787"
"COCAINA","CUNDINAMARCA","BOGOTÁ D.C. (CT)",2019-02-03,"VIAS PUBLICAS","Domingo","GRAMO","58"
"COCAINA","CUNDINAMARCA","BOGOTÁ D.C. (CT)",2019-02-07,"VIAS PUBLICAS","Jueves","GRAMO","78"
"COCAINA","CUNDINAMARCA","BOGOTÁ D.C. (CT)",2019-02-08,"VIAS PUBLICAS","Viernes","GRAMO","8,158"
"COCAINA","CUNDINAMARCA","BOGOTÁ D.C. (CT)",2019-02-09,"VIAS PUBLICAS","Sábado","GRAMO","22"
"COCAINA","CUNDINAMARCA","BOGOTÁ D.C. (CT)",2019-02-11,"CARCELES","Lunes","GRAMO","1,579"
"COCAINA","CUNDINAMARCA","BOGOTÁ D.C. (CT)",2019-02-11,"VIAS PUBLICAS","Lunes","GRAMO","14"
"COCAINA","CUNDINAMARCA","BOGOTÁ D.C. (CT)",2019-02-12,"CASAS DE HABITACION","Martes","GRAMO","27"
"COCAINA","CUNDINAMARCA","BOGOTÁ D.C. (CT)",2019-02-12,"VIAS PUBLICAS","Martes","GRAMO","24"
"COCAINA","CUNDINAMARCA","BOGOTÁ D.C. (CT)",2019-02-13,"CASAS DE HABITACION","Miércoles","GRAMO","25"
"COCAINA","CUNDINAMARCA","BOGOTÁ D.C. (CT)",2019-02-13,"VIAS PUBLICAS","Miércoles","GRAMO","55"
"COCAINA","CUNDINAMARCA","BOGOTÁ D.C. (CT)",2019-02-15,"VIAS PUBLICAS","Viernes","GRAMO","44"
"COCAINA","CUNDINAMARCA","BOGOTÁ D.C. (CT)",2019-02-18,"AEROPUERTO","Lunes","GRAMO","2,086"
"COCAINA","CUNDINAMARCA","BOGOTÁ D.C. (CT)",2019-02-20,"APARTAMENTO","Miércoles","GRAMO","68"
"COCAINA","CUNDINAMARCA","BOGOTÁ D.C. (CT)",2019-02-22,"AEROPUERTO","Viernes","GRAMO","74,000"
"COCAINA","CUNDINAMARCA","BOGOTÁ D.C. (CT)",2019-02-22,"CARCELES","Viernes","GRAMO","5"
"COCAINA","CUNDINAMARCA","BOGOTÁ D.C. (CT)",2019-02-22,"VIAS PUBLICAS","Viernes","GRAMO","35"
"COCAINA","CUNDINAMARCA","BOGOTÁ D.C. (CT)",2019-02-26,"PARQUEADERO","Martes","GRAMO","160,000"
"COCAINA","CUNDINAMARCA","BOGOTÁ D.C. (CT)",2019-02-26,"VIAS PUBLICAS","Martes","GRAMO","108"
"COCAINA","CUNDINAMARCA","BOGOTÁ D.C. (CT)",2019-02-27,"VIAS PUBLICAS","Miércoles","GRAMO","308"
"COCAINA","CUNDINAMARCA","BOGOTÁ D.C. (CT)",2019-03-03,"AEROPUERTO","Domingo","GRAMO","6,200"
"COCAINA","CUNDINAMARCA","BOGOTÁ D.C. (CT)",2019-03-06,"CASAS DE HABITACION","Miércoles","GRAMO","22"
"COCAINA","CUNDINAMARCA","BOGOTÁ D.C. (CT)",2019-03-07,"VIAS PUBLICAS","Jueves","GRAMO","30"
"COCAINA","CUNDINAMARCA","BOGOTÁ D.C. (CT)",2019-03-08,"VIAS PUBLICAS","Viernes","GRAMO","100"
"COCAINA","CUNDINAMARCA","BOGOTÁ D.C. (CT)",2019-03-12,"VIAS PUBLICAS","Martes","GRAMO","114"
"COCAINA","CUNDINAMARCA","BOGOTÁ D.C. (CT)",2019-03-13,"VIAS PUBLICAS","Miércoles","GRAMO","8"
"COCAINA","CUNDINAMARCA","BOGOTÁ D.C. (CT)",2019-03-14,"CASAS DE HABITACION","Jueves","GRAMO","176"
"COCAINA","CUNDINAMARCA","BOGOTÁ D.C. (CT)",2019-03-14,"VIAS PUBLICAS","Jueves","GRAMO","12"
"COCAINA","CUNDINAMARCA","BOGOTÁ D.C. (CT)",2019-03-15,"AEROPUERTO","Viernes","GRAMO","1,500"
"COCAINA","CUNDINAMARCA","BOGOTÁ D.C. (CT)",2019-03-15,"VIAS PUBLICAS","Viernes","GRAMO","59"
"COCAINA","CUNDINAMARCA","BOGOTÁ D.C. (CT)",2019-03-16,"VIAS PUBLICAS","Sábado","GRAMO","70"
"COCAINA","CUNDINAMARCA","BOGOTÁ D.C. (CT)",2019-03-18,"VIAS PUBLICAS","Lunes","GRAMO","50"
"COCAINA","CUNDINAMARCA","BOGOTÁ D.C. (CT)",2019-03-19,"CASAS DE HABITACION","Martes","GRAMO","220"
"COCAINA","CUNDINAMARCA","BOGOTÁ D.C. (CT)",2019-03-20,"VIAS PUBLICAS","Miércoles","GRAMO","460"
"COCAINA","CUNDINAMARCA","BOGOTÁ D.C. (CT)",2019-03-21,"AEROPUERTO","Jueves","GRAMO","3,400"
"COCAINA","CUNDINAMARCA","BOGOTÁ D.C. (CT)",2019-03-21,"VIAS PUBLICAS","Jueves","GRAMO","57"
"COCAINA","CUNDINAMARCA","BOGOTÁ D.C. (CT)",2019-03-22,"VIAS PUBLICAS","Viernes","GRAMO","56"
"COCAINA","CUNDINAMARCA","BOGOTÁ D.C. (CT)",2019-03-23,"VIAS PUBLICAS","Sábado","GRAMO","90"
"COCAINA","CUNDINAMARCA","BOGOTÁ D.C. (CT)",2019-03-24,"CARCELES","Domingo","GRAMO","28"
"COCAINA","CUNDINAMARCA","BOGOTÁ D.C. (CT)",2019-03-27,"CASAS DE HABITACION","Miércoles","GRAMO","43"
"COCAINA","CUNDINAMARCA","BOGOTÁ D.C. (CT)",2019-04-01,"VIAS PUBLICAS","Lunes","GRAMO","10,005"
"COCAINA","CUNDINAMARCA","BOGOTÁ D.C. (CT)",2019-04-02,"CASAS DE HABITACION","Martes","GRAMO","345"
"COCAINA","CUNDINAMARCA","BOGOTÁ D.C. (CT)",2019-04-03,"VIAS PUBLICAS","Miércoles","GRAMO","131"
"COCAINA","CUNDINAMARCA","BOGOTÁ D.C. (CT)",2019-04-04,"CASAS DE HABITACION","Jueves","GRAMO","1,050"
"COCAINA","CUNDINAMARCA","BOGOTÁ D.C. (CT)",2019-04-05,"VIAS PUBLICAS","Viernes","GRAMO","10"
"COCAINA","CUNDINAMARCA","BOGOTÁ D.C. (CT)",2019-04-07,"AEROPUERTO","Domingo","GRAMO","676"
"COCAINA","CUNDINAMARCA","BOGOTÁ D.C. (CT)",2019-04-08,"VIAS PUBLICAS","Lunes","GRAMO","1"
"COCAINA","CUNDINAMARCA","BOGOTÁ D.C. (CT)",2019-04-09,"VIAS PUBLICAS","Martes","GRAMO","5"
"COCAINA","CUNDINAMARCA","BOGOTÁ D.C. (CT)",2019-04-10,"VIAS PUBLICAS","Miércoles","GRAMO","70"
"COCAINA","CUNDINAMARCA","BOGOTÁ D.C. (CT)",2019-04-19,"VIAS PUBLICAS","Viernes","GRAMO","90"
"COCAINA","CUNDINAMARCA","BOGOTÁ D.C. (CT)",2019-04-24,"AEROPUERTO","Miércoles","GRAMO","7,600"
"COCAINA","CUNDINAMARCA","BOGOTÁ D.C. (CT)",2019-04-27,"CARCELES","Sábado","GRAMO","28"
"COCAINA","CUNDINAMARCA","BOGOTÁ D.C. (CT)",2019-04-27,"VIAS PUBLICAS","Sábado","GRAMO","17"
"COCAINA","CUNDINAMARCA","BOGOTÁ D.C. (CT)",2019-04-29,"VIAS PUBLICAS","Lunes","GRAMO","7"
"HEROINA","CUNDINAMARCA","BOGOTÁ D.C. (CT)",2019-01-17,"VIAS PUBLICAS","Jueves","GRAMO","3"
"HEROINA","CUNDINAMARCA","BOGOTÁ D.C. (CT)",2019-03-28,"VIAS PUBLICAS","Jueves","GRAMO","3"
"HEROINA","CUNDINAMARCA","BOGOTÁ D.C. (CT)",2019-03-30,"VIAS PUBLICAS","Sábado","GRAMO","2"
"MARIHUANA","CUNDINAMARCA","BOGOTÁ D.C. (CT)",2019-01-01,"VIAS PUBLICAS","Martes","GRAMO","1,200"
"MARIHUANA","CUNDINAMARCA","BOGOTÁ D.C. (CT)",2019-01-02,"EMPRESA","Miércoles","GRAMO","5,005"
"MARIHUANA","CUNDINAMARCA","BOGOTÁ D.C. (CT)",2019-01-02,"VIAS PUBLICAS","Miércoles","GRAMO","70"
"MARIHUANA","CUNDINAMARCA","BOGOTÁ D.C. (CT)",2019-01-03,"VIAS PUBLICAS","Jueves","GRAMO","118"
"MARIHUANA","CUNDINAMARCA","BOGOTÁ D.C. (CT)",2019-01-06,"ESTACION TRANSMILENIO PORTAL NORTE","Domingo","GRAMO","500"
"MARIHUANA","CUNDINAMARCA","BOGOTÁ D.C. (CT)",2019-01-06,"VIAS PUBLICAS","Domingo","GRAMO","1,045"
"MARIHUANA","CUNDINAMARCA","BOGOTÁ D.C. (CT)",2019-01-07,"VIAS PUBLICAS","Lunes","GRAMO","913"
"MARIHUANA","CUNDINAMARCA","BOGOTÁ D.C. (CT)",2019-01-08,"VIAS PUBLICAS","Martes","GRAMO","60"
"MARIHUANA","CUNDINAMARCA","BOGOTÁ D.C. (CT)",2019-01-08,"VIAS PUBLICAS","Martes","GRAMO","33,000"
"MARIHUANA","CUNDINAMARCA","BOGOTÁ D.C. (CT)",2019-01-09,"VIAS PUBLICAS","Miércoles","GRAMO","180"
"MARIHUANA","CUNDINAMARCA","BOGOTÁ D.C. (CT)",2019-01-10,"CASAS DE HABITACION","Jueves","GRAMO","43"
"MARIHUANA","CUNDINAMARCA","BOGOTÁ D.C. (CT)",2019-01-10,"DENTRO DE LA VIVIENDA","Jueves","GRAMO","95"
"MARIHUANA","CUNDINAMARCA","BOGOTÁ D.C. (CT)",2019-01-10,"VIAS PUBLICAS","Jueves","GRAMO","1,435"
"MARIHUANA","CUNDINAMARCA","BOGOTÁ D.C. (CT)",2019-01-11,"VIAS PUBLICAS","Viernes","GRAMO","791"
"MARIHUANA","CUNDINAMARCA","BOGOTÁ D.C. (CT)",2019-01-12,"AEROPUERTO","Sábado","GRAMO","11,752"
"MARIHUANA","CUNDINAMARCA","BOGOTÁ D.C. (CT)",2019-01-12,"EMPRESA","Sábado","GRAMO","8,200"
"MARIHUANA","CUNDINAMARCA","BOGOTÁ D.C. (CT)",2019-01-12,"VIAS PUBLICAS","Sábado","GRAMO","250,157"
"MARIHUANA","CUNDINAMARCA","BOGOTÁ D.C. (CT)",2019-01-13,"VIAS PUBLICAS","Domingo","GRAMO","136"
"MARIHUANA","CUNDINAMARCA","BOGOTÁ D.C. (CT)",2019-01-14,"VIAS PUBLICAS","Lunes","GRAMO","916"
"MARIHUANA","CUNDINAMARCA","BOGOTÁ D.C. (CT)",2019-01-15,"ESTACION DE ARTICULADO","Martes","GRAMO","100"
"MARIHUANA","CUNDINAMARCA","BOGOTÁ D.C. (CT)",2019-01-15,"VIAS PUBLICAS","Martes","GRAMO","18,855"
"MARIHUANA","CUNDINAMARCA","BOGOTÁ D.C. (CT)",2019-01-16,"AEROPUERTO","Miércoles","GRAMO","1,848"
"MARIHUANA","CUNDINAMARCA","BOGOTÁ D.C. (CT)",2019-01-16,"ESTACION TRANSMILENIO PORTAL DEL SUR","Miércoles","GRAMO","130"
"MARIHUANA","CUNDINAMARCA","BOGOTÁ D.C. (CT)",2019-01-16,"VIAS PUBLICAS","Miércoles","GRAMO","666"
"MARIHUANA","CUNDINAMARCA","BOGOTÁ D.C. (CT)",2019-01-17,"CASAS DE HABITACION","Jueves","GRAMO","829"
"MARIHUANA","CUNDINAMARCA","BOGOTÁ D.C. (CT)",2019-01-17,"VIAS PUBLICAS","Jueves","GRAMO","2,329"
"MARIHUANA","CUNDINAMARCA","BOGOTÁ D.C. (CT)",2019-01-18,"EMPRESA","Viernes","GRAMO","1,500"
"MARIHUANA","CUNDINAMARCA","BOGOTÁ D.C. (CT)",2019-01-18,"VIAS PUBLICAS","Viernes","GRAMO","124"
"MARIHUANA","CUNDINAMARCA","BOGOTÁ D.C. (CT)",2019-01-19,"VIAS PUBLICAS","Sábado","GRAMO","754"
"MARIHUANA","CUNDINAMARCA","BOGOTÁ D.C. (CT)",2019-01-20,"VIAS PUBLICAS","Domingo","GRAMO","1,796"
"MARIHUANA","CUNDINAMARCA","BOGOTÁ D.C. (CT)",2019-01-21,"VIAS PUBLICAS","Lunes","GRAMO","1,628"
"MARIHUANA","CUNDINAMARCA","BOGOTÁ D.C. (CT)",2019-01-22,"VIAS PUBLICAS","Martes","GRAMO","2,431"
"MARIHUANA","CUNDINAMARCA","BOGOTÁ D.C. (CT)",2019-01-23,"VIAS PUBLICAS","Miércoles","GRAMO","597"
"MARIHUANA","CUNDINAMARCA","BOGOTÁ D.C. (CT)",2019-01-24,"CASAS DE HABITACION","Jueves","GRAMO","1,367"
"MARIHUANA","CUNDINAMARCA","BOGOTÁ D.C. (CT)",2019-01-24,"VIAS PUBLICAS","Jueves","GRAMO","5,535"
"MARIHUANA","CUNDINAMARCA","BOGOTÁ D.C. (CT)",2019-01-25,"VIAS PUBLICAS","Viernes","GRAMO","837"
"MARIHUANA","CUNDINAMARCA","BOGOTÁ D.C. (CT)",2019-01-26,"DENTRO DE LA VIVIENDA","Sábado","GRAMO","235"
"MARIHUANA","CUNDINAMARCA","BOGOTÁ D.C. (CT)",2019-01-26,"EMPRESA","Sábado","GRAMO","2,000"
"MARIHUANA","CUNDINAMARCA","BOGOTÁ D.C. (CT)",2019-01-26,"VIAS PUBLICAS","Sábado","GRAMO","2,989"
"MARIHUANA","CUNDINAMARCA","BOGOTÁ D.C. (CT)",2019-01-27,"VIAS PUBLICAS","Domingo","GRAMO","395"
"MARIHUANA","CUNDINAMARCA","BOGOTÁ D.C. (CT)",2019-01-28,"VIAS PUBLICAS","Lunes","GRAMO","733"
"MARIHUANA","CUNDINAMARCA","BOGOTÁ D.C. (CT)",2019-01-29,"AEROPUERTO","Martes","GRAMO","3,111"
"MARIHUANA","CUNDINAMARCA","BOGOTÁ D.C. (CT)",2019-01-29,"TERMINAL DE TRANSPORTES","Martes","GRAMO","260"
"MARIHUANA","CUNDINAMARCA","BOGOTÁ D.C. (CT)",2019-01-29,"VIAS PUBLICAS","Martes","GRAMO","1,404"
"MARIHUANA","CUNDINAMARCA","BOGOTÁ D.C. (CT)",2019-01-30,"CASAS DE HABITACION","Miércoles","GRAMO","340"
"MARIHUANA","CUNDINAMARCA","BOGOTÁ D.C. (CT)",2019-01-30,"VIAS PUBLICAS","Miércoles","GRAMO","1,268"
"MARIHUANA","CUNDINAMARCA","BOGOTÁ D.C. (CT)",2019-01-31,"AEROPUERTO","Jueves","GRAMO","541"
"MARIHUANA","CUNDINAMARCA","BOGOTÁ D.C. (CT)",2019-01-31,"CASAS DE HABITACION","Jueves","GRAMO","215"
"MARIHUANA","CUNDINAMARCA","BOGOTÁ D.C. (CT)",2019-01-31,"CASAS DE HABITACION","Jueves","GRAMO","78"
"MARIHUANA","CUNDINAMARCA","BOGOTÁ D.C. (CT)",2019-01-31,"VIAS PUBLICAS","Jueves","GRAMO","2,286"
"MARIHUANA","CUNDINAMARCA","BOGOTÁ D.C. (CT)",2019-02-01,"AEROPUERTO","Viernes","GRAMO","989"
"MARIHUANA","CUNDINAMARCA","BOGOTÁ D.C. (CT)",2019-02-01,"VIAS PUBLICAS","Viernes","GRAMO","721"
"MARIHUANA","CUNDINAMARCA","BOGOTÁ D.C. (CT)",2019-02-02,"AEROPUERTO","Sábado","GRAMO","74,000"
"MARIHUANA","CUNDINAMARCA","BOGOTÁ D.C. (CT)",2019-02-02,"EMPRESA","Sábado","GRAMO","22,000"
"MARIHUANA","CUNDINAMARCA","BOGOTÁ D.C. (CT)",2019-02-02,"TERMINAL DE TRANSPORTES","Sábado","GRAMO","1,470"
"MARIHUANA","CUNDINAMARCA","BOGOTÁ D.C. (CT)",2019-02-02,"VIAS PUBLICAS","Sábado","GRAMO","684"
"MARIHUANA","CUNDINAMARCA","BOGOTÁ D.C. (CT)",2019-02-03,"VIAS PUBLICAS","Domingo","GRAMO","1,692"
"MARIHUANA","CUNDINAMARCA","BOGOTÁ D.C. (CT)",2019-02-04,"VIAS PUBLICAS","Lunes","GRAMO","414"
"MARIHUANA","CUNDINAMARCA","BOGOTÁ D.C. (CT)",2019-02-05,"AEROPUERTO","Martes","GRAMO","1,702"
"MARIHUANA","CUNDINAMARCA","BOGOTÁ D.C. (CT)",2019-02-05,"APARTAMENTO","Martes","GRAMO","1,849"
"MARIHUANA","CUNDINAMARCA","BOGOTÁ D.C. (CT)",2019-02-05,"VIAS PUBLICAS","Martes","GRAMO","1,918"
"MARIHUANA","CUNDINAMARCA","BOGOTÁ D.C. (CT)",2019-02-06,"AEROPUERTO","Miércoles","GRAMO","1,600"
"MARIHUANA","CUNDINAMARCA","BOGOTÁ D.C. (CT)",2019-02-06,"ESTACION TRANSPORTE MASIVO","Miércoles","GRAMO","150"
"MARIHUANA","CUNDINAMARCA","BOGOTÁ D.C. (CT)",2019-02-06,"VIAS PUBLICAS","Miércoles","GRAMO","991"
"MARIHUANA","CUNDINAMARCA","BOGOTÁ D.C. (CT)",2019-02-07,"VIAS PUBLICAS","Jueves","GRAMO","6,619"
"MARIHUANA","CUNDINAMARCA","BOGOTÁ D.C. (CT)",2019-02-08,"AEROPUERTO","Viernes","GRAMO","1,028"
"MARIHUANA","CUNDINAMARCA","BOGOTÁ D.C. (CT)",2019-02-08,"PARQUEADERO","Viernes","GRAMO","1,000,000"
"MARIHUANA","CUNDINAMARCA","BOGOTÁ D.C. (CT)",2019-02-08,"UNIVERSIDADES","Viernes","GRAMO","80"
"MARIHUANA","CUNDINAMARCA","BOGOTÁ D.C. (CT)",2019-02-08,"VIAS PUBLICAS","Viernes","GRAMO","631"
"MARIHUANA","CUNDINAMARCA","BOGOTÁ D.C. (CT)",2019-02-09,"TERMINAL DE TRANSPORTES","Sábado","GRAMO","1,500"
"MARIHUANA","CUNDINAMARCA","BOGOTÁ D.C. (CT)",2019-02-09,"VIAS PUBLICAS","Sábado","GRAMO","105"
"MARIHUANA","CUNDINAMARCA","BOGOTÁ D.C. (CT)",2019-02-10,"VIAS PUBLICAS","Domingo","GRAMO","752"
"MARIHUANA","CUNDINAMARCA","BOGOTÁ D.C. (CT)",2019-02-11,"AEROPUERTO","Lunes","GRAMO","200"
"MARIHUANA","CUNDINAMARCA","BOGOTÁ D.C. (CT)",2019-02-11,"VIAS PUBLICAS","Lunes","GRAMO","752"
"MARIHUANA","CUNDINAMARCA","BOGOTÁ D.C. (CT)",2019-02-12,"CASAS DE HABITACION","Martes","GRAMO","24,000"
"MARIHUANA","CUNDINAMARCA","BOGOTÁ D.C. (CT)",2019-02-12,"VIAS PUBLICAS","Martes","GRAMO","1,440"
"MARIHUANA","CUNDINAMARCA","BOGOTÁ D.C. (CT)",2019-02-13,"AEROPUERTO","Miércoles","GRAMO","391"
"MARIHUANA","CUNDINAMARCA","BOGOTÁ D.C. (CT)",2019-02-13,"CASAS DE HABITACION","Miércoles","GRAMO","281"
"MARIHUANA","CUNDINAMARCA","BOGOTÁ D.C. (CT)",2019-02-13,"VIAS PUBLICAS","Miércoles","GRAMO","1,446"
"MARIHUANA","CUNDINAMARCA","BOGOTÁ D.C. (CT)",2019-02-14,"AEROPUERTO","Jueves","GRAMO","121"
"MARIHUANA","CUNDINAMARCA","BOGOTÁ D.C. (CT)",2019-02-14,"CASAS DE HABITACION","Jueves","GRAMO","89"
"MARIHUANA","CUNDINAMARCA","BOGOTÁ D.C. (CT)",2019-02-14,"VIAS PUBLICAS","Jueves","GRAMO","539"
"MARIHUANA","CUNDINAMARCA","BOGOTÁ D.C. (CT)",2019-02-15,"AEROPUERTO","Viernes","GRAMO","24,500"
"MARIHUANA","CUNDINAMARCA","BOGOTÁ D.C. (CT)",2019-02-15,"CASAS DE HABITACION","Viernes","GRAMO","21,878"
"MARIHUANA","CUNDINAMARCA","BOGOTÁ D.C. (CT)",2019-02-15,"DENTRO DE LA VIVIENDA","Viernes","GRAMO","100"
"MARIHUANA","CUNDINAMARCA","BOGOTÁ D.C. (CT)",2019-02-15,"TERMINAL DE TRANSPORTES","Viernes","GRAMO","75"
"MARIHUANA","CUNDINAMARCA","BOGOTÁ D.C. (CT)",2019-02-15,"VIAS PUBLICAS","Viernes","GRAMO","2,483"
"MARIHUANA","CUNDINAMARCA","BOGOTÁ D.C. (CT)",2019-02-16,"VIAS PUBLICAS","Sábado","GRAMO","3,889"
"MARIHUANA","CUNDINAMARCA","BOGOTÁ D.C. (CT)",2019-02-17,"VIAS PUBLICAS","Domingo","GRAMO","215"
"MARIHUANA","CUNDINAMARCA","BOGOTÁ D.C. (CT)",2019-02-18,"VIAS PUBLICAS","Lunes","GRAMO","1,438"
"MARIHUANA","CUNDINAMARCA","BOGOTÁ D.C. (CT)",2019-02-19,"VIAS PUBLICAS","Martes","GRAMO","1,398"
"MARIHUANA","CUNDINAMARCA","BOGOTÁ D.C. (CT)",2019-02-20,"APARTAMENTO","Miércoles","GRAMO","2,193"
"MARIHUANA","CUNDINAMARCA","BOGOTÁ D.C. (CT)",2019-02-20,"EMPRESA","Miércoles","GRAMO","1,236"
"MARIHUANA","CUNDINAMARCA","BOGOTÁ D.C. (CT)",2019-02-20,"ESTABLECIMIENTO DE COMERCIO","Miércoles","GRAMO","56"
"MARIHUANA","CUNDINAMARCA","BOGOTÁ D.C. (CT)",2019-02-20,"VIAS PUBLICAS","Miércoles","GRAMO","367"
"MARIHUANA","CUNDINAMARCA","BOGOTÁ D.C. (CT)",2019-02-21,"AEROPUERTO","Jueves","GRAMO","522"
"MARIHUANA","CUNDINAMARCA","BOGOTÁ D.C. (CT)",2019-02-21,"VIAS PUBLICAS","Jueves","GRAMO","663"
"MARIHUANA","CUNDINAMARCA","BOGOTÁ D.C. (CT)",2019-02-22,"CARCELES","Viernes","GRAMO","1,271"
"MARIHUANA","CUNDINAMARCA","BOGOTÁ D.C. (CT)",2019-02-22,"VIAS PUBLICAS","Viernes","GRAMO","592"
"MARIHUANA","CUNDINAMARCA","BOGOTÁ D.C. (CT)",2019-02-23,"VIAS PUBLICAS","Sábado","GRAMO","640"
"MARIHUANA","CUNDINAMARCA","BOGOTÁ D.C. (CT)",2019-02-24,"CASAS DE HABITACION","Domingo","GRAMO","28,840"
"MARIHUANA","CUNDINAMARCA","BOGOTÁ D.C. (CT)",2019-02-24,"VIAS PUBLICAS","Domingo","GRAMO","366"
"MARIHUANA","CUNDINAMARCA","BOGOTÁ D.C. (CT)",2019-02-25,"AEROPUERTO","Lunes","GRAMO","30,404"
"MARIHUANA","CUNDINAMARCA","BOGOTÁ D.C. (CT)",2019-02-25,"VIAS PUBLICAS","Lunes","GRAMO","1,070"
"MARIHUANA","CUNDINAMARCA","BOGOTÁ D.C. (CT)",2019-02-26,"VIAS PUBLICAS","Martes","GRAMO","3,100"
"MARIHUANA","CUNDINAMARCA","BOGOTÁ D.C. (CT)",2019-02-27,"AEROPUERTO","Miércoles","GRAMO","65,000"
"MARIHUANA","CUNDINAMARCA","BOGOTÁ D.C. (CT)",2019-02-27,"CASAS DE HABITACION","Miércoles","GRAMO","366"
"MARIHUANA","CUNDINAMARCA","BOGOTÁ D.C. (CT)",2019-02-27,"PARQUEADERO","Miércoles","GRAMO","330,400"
"MARIHUANA","CUNDINAMARCA","BOGOTÁ D.C. (CT)",2019-02-27,"VIAS PUBLICAS","Miércoles","GRAMO","768"
"MARIHUANA","CUNDINAMARCA","BOGOTÁ D.C. (CT)",2019-02-28,"AEROPUERTO","Jueves","GRAMO","15,700"
"MARIHUANA","CUNDINAMARCA","BOGOTÁ D.C. (CT)",2019-02-28,"APARTAMENTO","Jueves","GRAMO","4,240"
"MARIHUANA","CUNDINAMARCA","BOGOTÁ D.C. (CT)",2019-02-28,"VIAS PUBLICAS","Jueves","GRAMO","500"
"MARIHUANA","CUNDINAMARCA","BOGOTÁ D.C. (CT)",2019-03-01,"AEROPUERTO","Viernes","GRAMO","2,100"
"MARIHUANA","CUNDINAMARCA","BOGOTÁ D.C. (CT)",2019-03-01,"VIAS PUBLICAS","Viernes","GRAMO","343"
"MARIHUANA","CUNDINAMARCA","BOGOTÁ D.C. (CT)",2019-03-02,"EMPRESA","Sábado","GRAMO","8,400"
"MARIHUANA","CUNDINAMARCA","BOGOTÁ D.C. (CT)",2019-03-02,"VIAS PUBLICAS","Sábado","GRAMO","750"
"MARIHUANA","CUNDINAMARCA","BOGOTÁ D.C. (CT)",2019-03-03,"VIAS PUBLICAS","Domingo","GRAMO","1,020"
"MARIHUANA","CUNDINAMARCA","BOGOTÁ D.C. (CT)",2019-03-04,"CASAS DE HABITACION","Lunes","GRAMO","56"
"MARIHUANA","CUNDINAMARCA","BOGOTÁ D.C. (CT)",2019-03-04,"ESTACION TRANSMILENIO CALLE 19","Lunes","GRAMO","120"
"MARIHUANA","CUNDINAMARCA","BOGOTÁ D.C. (CT)",2019-03-04,"VIAS PUBLICAS","Lunes","GRAMO","725"
"MARIHUANA","CUNDINAMARCA","BOGOTÁ D.C. (CT)",2019-03-05,"VIAS PUBLICAS","Martes","GRAMO","7,168"
"MARIHUANA","CUNDINAMARCA","BOGOTÁ D.C. (CT)",2019-03-06,"AEROPUERTO","Miércoles","GRAMO","238"
"MARIHUANA","CUNDINAMARCA","BOGOTÁ D.C. (CT)",2019-03-06,"CASAS DE HABITACION","Miércoles","GRAMO","1,579"
"MARIHUANA","CUNDINAMARCA","BOGOTÁ D.C. (CT)",2019-03-06,"EMPRESA","Miércoles","GRAMO","900"
"MARIHUANA","CUNDINAMARCA","BOGOTÁ D.C. (CT)",2019-03-06,"VIAS PUBLICAS","Miércoles","GRAMO","112,992"
"MARIHUANA","CUNDINAMARCA","BOGOTÁ D.C. (CT)",2019-03-07,"AEROPUERTO","Jueves","GRAMO","2,800"
"MARIHUANA","CUNDINAMARCA","BOGOTÁ D.C. (CT)",2019-03-07,"VIAS PUBLICAS","Jueves","GRAMO","1,167"
"MARIHUANA","CUNDINAMARCA","BOGOTÁ D.C. (CT)",2019-03-08,"CARCELES","Viernes","GRAMO","455"
"MARIHUANA","CUNDINAMARCA","BOGOTÁ D.C. (CT)",2019-03-08,"VIAS PUBLICAS","Viernes","GRAMO","639"
"MARIHUANA","CUNDINAMARCA","BOGOTÁ D.C. (CT)",2019-03-09,"VIAS PUBLICAS","Sábado","GRAMO","1,175"
"MARIHUANA","CUNDINAMARCA","BOGOTÁ D.C. (CT)",2019-03-10,"VIAS PUBLICAS","Domingo","GRAMO","1,340"
"MARIHUANA","CUNDINAMARCA","BOGOTÁ D.C. (CT)",2019-03-11,"AEROPUERTO","Lunes","GRAMO","600"
"MARIHUANA","CUNDINAMARCA","BOGOTÁ D.C. (CT)",2019-03-11,"EMPRESA","Lunes","GRAMO","32,350"
"MARIHUANA","CUNDINAMARCA","BOGOTÁ D.C. (CT)",2019-03-11,"VIAS PUBLICAS","Lunes","GRAMO","1,498"
"MARIHUANA","CUNDINAMARCA","BOGOTÁ D.C. (CT)",2019-03-12,"AEROPUERTO","Martes","GRAMO","7,300"
"MARIHUANA","CUNDINAMARCA","BOGOTÁ D.C. (CT)",2019-03-12,"EMPRESA","Martes","GRAMO","450"
"MARIHUANA","CUNDINAMARCA","BOGOTÁ D.C. (CT)",2019-03-12,"VIAS PUBLICAS","Martes","GRAMO","19,045"
"MARIHUANA","CUNDINAMARCA","BOGOTÁ D.C. (CT)",2019-03-13,"VIAS PUBLICAS","Miércoles","GRAMO","1,027"
"MARIHUANA","CUNDINAMARCA","BOGOTÁ D.C. (CT)",2019-03-14,"AEROPUERTO","Jueves","GRAMO","5,200"
"MARIHUANA","CUNDINAMARCA","BOGOTÁ D.C. (CT)",2019-03-14,"CASAS DE HABITACION","Jueves","GRAMO","112"
"MARIHUANA","CUNDINAMARCA","BOGOTÁ D.C. (CT)",2019-03-14,"VIAS PUBLICAS","Jueves","GRAMO","2,570"
"MARIHUANA","CUNDINAMARCA","BOGOTÁ D.C. (CT)",2019-03-15,"TERMINAL DE TRANSPORTES","Viernes","GRAMO","103"
"MARIHUANA","CUNDINAMARCA","BOGOTÁ D.C. (CT)",2019-03-15,"VIAS PUBLICAS","Viernes","GRAMO","3,075"
"MARIHUANA","CUNDINAMARCA","BOGOTÁ D.C. (CT)",2019-03-16,"VIAS PUBLICAS","Sábado","GRAMO","2,871"
"MARIHUANA","CUNDINAMARCA","BOGOTÁ D.C. (CT)",2019-03-17,"VIAS PUBLICAS","Domingo","GRAMO","188"
"MARIHUANA","CUNDINAMARCA","BOGOTÁ D.C. (CT)",2019-03-18,"EMPRESA","Lunes","GRAMO","13,276"
"MARIHUANA","CUNDINAMARCA","BOGOTÁ D.C. (CT)",2019-03-18,"EMPRESA","Lunes","GRAMO","1,200"
"MARIHUANA","CUNDINAMARCA","BOGOTÁ D.C. (CT)",2019-03-18,"VIAS PUBLICAS","Lunes","GRAMO","595"
"MARIHUANA","CUNDINAMARCA","BOGOTÁ D.C. (CT)",2019-03-19,"CASAS DE HABITACION","Martes","GRAMO","150"
"MARIHUANA","CUNDINAMARCA","BOGOTÁ D.C. (CT)",2019-03-19,"VIAS PUBLICAS","Martes","GRAMO","2,296"
"MARIHUANA","CUNDINAMARCA","BOGOTÁ D.C. (CT)",2019-03-20,"VIAS PUBLICAS","Miércoles","GRAMO","638"
"MARIHUANA","CUNDINAMARCA","BOGOTÁ D.C. (CT)",2019-03-21,"AEROPUERTO","Jueves","GRAMO","5,571"
"MARIHUANA","CUNDINAMARCA","BOGOTÁ D.C. (CT)",2019-03-21,"VIAS PUBLICAS","Jueves","GRAMO","1,950"
"MARIHUANA","CUNDINAMARCA","BOGOTÁ D.C. (CT)",2019-03-22,"AEROPUERTO","Viernes","GRAMO","11,076"
"MARIHUANA","CUNDINAMARCA","BOGOTÁ D.C. (CT)",2019-03-22,"EMPRESA","Viernes","GRAMO","102,900"
"MARIHUANA","CUNDINAMARCA","BOGOTÁ D.C. (CT)",2019-03-22,"VIAS PUBLICAS","Viernes","GRAMO","1,072"
"MARIHUANA","CUNDINAMARCA","BOGOTÁ D.C. (CT)",2019-03-23,"VIAS PUBLICAS","Sábado","GRAMO","1,216"
"MARIHUANA","CUNDINAMARCA","BOGOTÁ D.C. (CT)",2019-03-24,"CARCELES","Domingo","GRAMO","205"
"MARIHUANA","CUNDINAMARCA","BOGOTÁ D.C. (CT)",2019-03-24,"TERMINAL DE TRANSPORTES","Domingo","GRAMO","126"
"MARIHUANA","CUNDINAMARCA","BOGOTÁ D.C. (CT)",2019-03-24,"VIAS PUBLICAS","Domingo","GRAMO","530"
"MARIHUANA","CUNDINAMARCA","BOGOTÁ D.C. (CT)",2019-03-25,"VIAS PUBLICAS","Lunes","GRAMO","981"
"MARIHUANA","CUNDINAMARCA","BOGOTÁ D.C. (CT)",2019-03-26,"EMPRESA","Martes","GRAMO","600"
"MARIHUANA","CUNDINAMARCA","BOGOTÁ D.C. (CT)",2019-03-26,"EMPRESA","Martes","GRAMO","4,000"
"MARIHUANA","CUNDINAMARCA","BOGOTÁ D.C. (CT)",2019-03-26,"VIAS PUBLICAS","Martes","GRAMO","886"
"MARIHUANA","CUNDINAMARCA","BOGOTÁ D.C. (CT)",2019-03-27,"CASAS DE HABITACION","Miércoles","GRAMO","860"
"MARIHUANA","CUNDINAMARCA","BOGOTÁ D.C. (CT)",2019-03-27,"ESTACION TRANSMILENIO CALLE 45","Miércoles","GRAMO","400"
"MARIHUANA","CUNDINAMARCA","BOGOTÁ D.C. (CT)",2019-03-27,"VIAS PUBLICAS","Miércoles","GRAMO","659"
"MARIHUANA","CUNDINAMARCA","BOGOTÁ D.C. (CT)",2019-03-28,"EMPRESA","Jueves","GRAMO","200,000"
"MARIHUANA","CUNDINAMARCA","BOGOTÁ D.C. (CT)",2019-03-28,"VIAS PUBLICAS","Jueves","GRAMO","1,095"
"MARIHUANA","CUNDINAMARCA","BOGOTÁ D.C. (CT)",2019-03-29,"AEROPUERTO","Viernes","GRAMO","300"
"MARIHUANA","CUNDINAMARCA","BOGOTÁ D.C. (CT)",2019-03-29,"EMPRESA","Viernes","GRAMO","9,750"
"MARIHUANA","CUNDINAMARCA","BOGOTÁ D.C. (CT)",2019-03-29,"VIAS PUBLICAS","Viernes","GRAMO","1,860"
"MARIHUANA","CUNDINAMARCA","BOGOTÁ D.C. (CT)",2019-03-30,"VIAS PUBLICAS","Sábado","GRAMO","282"
"MARIHUANA","CUNDINAMARCA","BOGOTÁ D.C. (CT)",2019-03-31,"VIAS PUBLICAS","Domingo","GRAMO","1,378"
"MARIHUANA","CUNDINAMARCA","BOGOTÁ D.C. (CT)",2019-04-01,"VIAS PUBLICAS","Lunes","GRAMO","1,387"
"MARIHUANA","CUNDINAMARCA","BOGOTÁ D.C. (CT)",2019-04-02,"EMPRESA","Martes","GRAMO","15,100"
"MARIHUANA","CUNDINAMARCA","BOGOTÁ D.C. (CT)",2019-04-02,"VIAS PUBLICAS","Martes","GRAMO","1,862"
"MARIHUANA","CUNDINAMARCA","BOGOTÁ D.C. (CT)",2019-04-03,"AEROPUERTO","Miércoles","GRAMO","354"
"MARIHUANA","CUNDINAMARCA","BOGOTÁ D.C. (CT)",2019-04-03,"NO DEFINIDO","Miércoles","GRAMO","1,117"
"MARIHUANA","CUNDINAMARCA","BOGOTÁ D.C. (CT)",2019-04-03,"VIAS PUBLICAS","Miércoles","GRAMO","20,686"
"MARIHUANA","CUNDINAMARCA","BOGOTÁ D.C. (CT)",2019-04-04,"CASAS DE HABITACION","Jueves","GRAMO","367"
"MARIHUANA","CUNDINAMARCA","BOGOTÁ D.C. (CT)",2019-04-04,"EMPRESA","Jueves","GRAMO","30,150"
"MARIHUANA","CUNDINAMARCA","BOGOTÁ D.C. (CT)",2019-04-04,"ESTACION TRANSMILENIO COMUNEROS","Jueves","GRAMO","100"
"MARIHUANA","CUNDINAMARCA","BOGOTÁ D.C. (CT)",2019-04-04,"VIAS PUBLICAS","Jueves","GRAMO","1,302"
"MARIHUANA","CUNDINAMARCA","BOGOTÁ D.C. (CT)",2019-04-05,"AEROPUERTO","Viernes","GRAMO","200"
"MARIHUANA","CUNDINAMARCA","BOGOTÁ D.C. (CT)",2019-04-05,"VIAS PUBLICAS","Viernes","GRAMO","1,767"
"MARIHUANA","CUNDINAMARCA","BOGOTÁ D.C. (CT)",2019-04-06,"BARES, CANTINAS Y SIMILARES","Sábado","GRAMO","52"
"MARIHUANA","CUNDINAMARCA","BOGOTÁ D.C. (CT)",2019-04-06,"EMPRESA","Sábado","GRAMO","20,000"
"MARIHUANA","CUNDINAMARCA","BOGOTÁ D.C. (CT)",2019-04-06,"VIAS PUBLICAS","Sábado","GRAMO","437"
"MARIHUANA","CUNDINAMARCA","BOGOTÁ D.C. (CT)",2019-04-07,"VIAS PUBLICAS","Domingo","GRAMO","236"
"MARIHUANA","CUNDINAMARCA","BOGOTÁ D.C. (CT)",2019-04-08,"CASAS DE HABITACION","Lunes","GRAMO","501"
"MARIHUANA","CUNDINAMARCA","BOGOTÁ D.C. (CT)",2019-04-08,"TERMINAL DE TRANSPORTES","Lunes","GRAMO","10"
"MARIHUANA","CUNDINAMARCA","BOGOTÁ D.C. (CT)",2019-04-08,"VIAS PUBLICAS","Lunes","GRAMO","506"
"MARIHUANA","CUNDINAMARCA","BOGOTÁ D.C. (CT)",2019-04-09,"VIAS PUBLICAS","Martes","GRAMO","2,403"
"MARIHUANA","CUNDINAMARCA","BOGOTÁ D.C. (CT)",2019-04-10,"CASAS DE HABITACION","Miércoles","GRAMO","90"
"MARIHUANA","CUNDINAMARCA","BOGOTÁ D.C. (CT)",2019-04-10,"VIAS PUBLICAS","Miércoles","GRAMO","218"
"MARIHUANA","CUNDINAMARCA","BOGOTÁ D.C. (CT)",2019-04-11,"TERMINAL DE TRANSPORTES","Jueves","GRAMO","1,033"
"MARIHUANA","CUNDINAMARCA","BOGOTÁ D.C. (CT)",2019-04-11,"VIAS PUBLICAS","Jueves","GRAMO","186"
"MARIHUANA","CUNDINAMARCA","BOGOTÁ D.C. (CT)",2019-04-13,"ESTABLECIMIENTOS REVISADOS","Sábado","GRAMO","115"
"MARIHUANA","CUNDINAMARCA","BOGOTÁ D.C. (CT)",2019-04-13,"VIAS PUBLICAS","Sábado","GRAMO","250"
"MARIHUANA","CUNDINAMARCA","BOGOTÁ D.C. (CT)",2019-04-14,"VIAS PUBLICAS","Domingo","GRAMO","348"
"MARIHUANA","CUNDINAMARCA","BOGOTÁ D.C. (CT)",2019-04-16,"VIAS PUBLICAS","Martes","GRAMO","120"
"MARIHUANA","CUNDINAMARCA","BOGOTÁ D.C. (CT)",2019-04-17,"VIAS PUBLICAS","Miércoles","GRAMO","278"
"MARIHUANA","CUNDINAMARCA","BOGOTÁ D.C. (CT)",2019-04-18,"TERMINAL DE TRANSPORTES","Jueves","GRAMO","4,500"
"MARIHUANA","CUNDINAMARCA","BOGOTÁ D.C. (CT)",2019-04-18,"VIAS PUBLICAS","Jueves","GRAMO","174"
"MARIHUANA","CUNDINAMARCA","BOGOTÁ D.C. (CT)",2019-04-19,"VIAS PUBLICAS","Viernes","GRAMO","59"
"MARIHUANA","CUNDINAMARCA","BOGOTÁ D.C. (CT)",2019-04-20,"VIAS PUBLICAS","Sábado","GRAMO","300"
"MARIHUANA","CUNDINAMARCA","BOGOTÁ D.C. (CT)",2019-04-22,"AEROPUERTO","Lunes","GRAMO","1,110"
"MARIHUANA","CUNDINAMARCA","BOGOTÁ D.C. (CT)",2019-04-22,"EMPRESA","Lunes","GRAMO","20,000"
"MARIHUANA","CUNDINAMARCA","BOGOTÁ D.C. (CT)",2019-04-22,"VIAS PUBLICAS","Lunes","GRAMO","70"
"MARIHUANA","CUNDINAMARCA","BOGOTÁ D.C. (CT)",2019-04-23,"VIAS PUBLICAS","Martes","GRAMO","499"
"MARIHUANA","CUNDINAMARCA","BOGOTÁ D.C. (CT)",2019-04-24,"VIAS PUBLICAS","Miércoles","GRAMO","735"
"MARIHUANA","CUNDINAMARCA","BOGOTÁ D.C. (CT)",2019-04-25,"CASAS DE HABITACION","Jueves","GRAMO","1,143"
"MARIHUANA","CUNDINAMARCA","BOGOTÁ D.C. (CT)",2019-04-25,"EMPRESA","Jueves","GRAMO","13,940"
"MARIHUANA","CUNDINAMARCA","BOGOTÁ D.C. (CT)",2019-04-25,"VIAS PUBLICAS","Jueves","GRAMO","798"
"MARIHUANA","CUNDINAMARCA","BOGOTÁ D.C. (CT)",2019-04-26,"AEROPUERTO","Viernes","GRAMO","1,047"
"MARIHUANA","CUNDINAMARCA","BOGOTÁ D.C. (CT)",2019-04-26,"VIAS PUBLICAS","Viernes","GRAMO","2,519"
"MARIHUANA","CUNDINAMARCA","BOGOTÁ D.C. (CT)",2019-04-27,"AEROPUERTO","Sábado","GRAMO","613"
"MARIHUANA","CUNDINAMARCA","BOGOTÁ D.C. (CT)",2019-04-27,"CARCELES","Sábado","GRAMO","253"
"MARIHUANA","CUNDINAMARCA","BOGOTÁ D.C. (CT)",2019-04-27,"EMPRESA","Sábado","GRAMO","1,020"
"MARIHUANA","CUNDINAMARCA","BOGOTÁ D.C. (CT)",2019-04-27,"VIAS PUBLICAS","Sábado","GRAMO","606"
"MARIHUANA","CUNDINAMARCA","BOGOTÁ D.C. (CT)",2019-04-28,"VIAS PUBLICAS","Domingo","GRAMO","799"
"MARIHUANA","CUNDINAMARCA","BOGOTÁ D.C. (CT)",2019-04-29,"VIAS PUBLICAS","Lunes","GRAMO","670"
"MARIHUANA","CUNDINAMARCA","BOGOTÁ D.C. (CT)",2019-04-30,"VIAS PUBLICAS","Martes","GRAMO","1,018"
